id	delRNA*_in_Cyt	delRNA*_in_RG	delRNA*_difference
Tmem170b	-0.475099336	1.917824499	2.392923835
Plcxd2	-0.128373237	2.236421796	2.364795033
Rc3h2	-0.622486868	1.571171813	2.193658681
Zfp597	0.041724101	2.221171499	2.179447398
Xiap	-0.758555359	1.371880455	2.130435814
1700030F04Rik	-1.122648843	1.005545119	2.128193962
2900097C17Rik	-1.134078248	0.976775928	2.110854176
Tmem64	-1.025123787	1.080331811	2.105455598
Impad1	-1.021984114	1.03656077	2.058544884
Csgalnact2	-0.613107431	1.417154108	2.030261539
Mfsd4	-1.058831994	0.970105543	2.028937537
Zfp871	-0.650444339	1.375183269	2.025627608
Ptar1	-0.368796122	1.653413962	2.022210084
Peg3	-1.615196806	0.386566054	2.00176286
Klhl11	-0.964309941	0.992847737	1.957157678
Fam126b	0.197499428	2.15216602	1.954666592
Mex3c	-0.913295393	1.039493702	1.952789095
Lnpep	-1.227681957	0.715023504	1.942705461
D15Ertd621e	-0.99753767	0.932773329	1.930310999
Dcp2	-0.649628918	1.279236328	1.928865246
Usp31	-0.767640105	1.158234983	1.925875088
Spred1	-0.823053997	1.08242423	1.905478227
Plagl1	-1.388120804	0.511507661	1.899628465
Edem3	-0.89304416	1.00217939	1.89522355
Crebzf	-0.23648707	1.654066457	1.890553527
Crebl2	-0.62075332	1.260268749	1.881022069
Otud4	-0.863218696	1.008917214	1.87213591
Uhmk1	-0.785851209	1.075852063	1.861703272
Skil	0.019228939	1.879554535	1.860325596
Socs4	-0.398589992	1.459667348	1.85825734
Zbtb41	-0.515763705	1.338771546	1.854535251
Zc3h12c	-0.544080913	1.30923298	1.853313893
Zcchc24	-0.973551618	0.871066299	1.844617917
Zbtb44	-0.812660931	1.028270903	1.840931834
Fnip1	-0.634832706	1.196122579	1.830955285
Syde2	-0.146272884	1.683085317	1.829358201
Rassf8	-0.652095998	1.176214499	1.828310497
Zbtb26	0.076699599	1.903996777	1.827297178
Fbxl3	-0.715742417	1.111165502	1.826907919
Ogfrl1	-0.585985803	1.227442441	1.813428244
Larp4b	-0.952611837	0.860638109	1.813249946
Tceanc	-0.347922642	1.460206539	1.808129181
Slc4a7	-0.563972292	1.242840907	1.806813199
Nr1d2	-0.56242718	1.242272883	1.804700063
Fam63b	-0.8658064	0.936215435	1.802021835
Brinp3	-0.64929036	1.15068929	1.79997965
Hipk1	-1.164026705	0.635761398	1.799788103
Kbtbd2	-0.713123729	1.086485254	1.799608983
Ccdc50	-0.658184802	1.137900634	1.796085436
Zbtb38	-0.503301537	1.291098045	1.794399582
Smim13	-0.63317117	1.161207352	1.794378522
Cmtm4	-0.885477066	0.899683151	1.785160217
Mib1	-1.036442976	0.744682427	1.781125403
1700066M21Rik	-0.480415197	1.298149551	1.778564748
Napb	0.767495267	2.53483962	1.767344353
Nr2c2	-0.772791125	0.991503867	1.764294992
Tmf1	-0.671446883	1.08931924	1.760766123
Zfyve16	-0.914798489	0.844657798	1.759456287
Snx13	-0.412386485	1.345401415	1.7577879
Plekha8	-0.356456345	1.397735283	1.754191628
Dmxl1	-0.719688176	1.03415027	1.753838446
Sacs	-0.897274521	0.853345056	1.750619577
Arl5b	-0.127079341	1.622203813	1.749283154
Zfp365	-0.447373279	1.301320863	1.748694142
D830031N03Rik	-1.27068198	0.476673764	1.747355744
Dsel	-0.82739545	0.919723951	1.747119401
Trp53inp1	-0.453895622	1.293140307	1.747035929
Zfp26	-0.126111049	1.620074099	1.746185148
Avl9	-0.309606304	1.436161403	1.745767707
Zfx	-0.330362736	1.410255844	1.74061858
B230219D22Rik	-0.65273374	1.087260684	1.739994424
Foxn2	-0.197205346	1.542585663	1.739791009
Fem1b	-0.435731932	1.299728106	1.735460038
Rif1	-0.551721816	1.180979073	1.732700889
Ids	-0.952118118	0.778821408	1.730939526
Lrig2	-0.35317171	1.374141041	1.727312751
Nin	-1.143642326	0.579492913	1.723135239
Pank3	-0.380863572	1.337284748	1.71814832
Zbed4	-0.528622792	1.18582561	1.714448402
Golgb1	-1.478932101	0.233890004	1.712822105
Ago3	-0.317905337	1.394580963	1.7124863
Zbtb18	-0.588795161	1.119497675	1.708292836
Hoxd8	-0.611593987	1.094393683	1.70598767
Arid2	-1.099135543	0.605218854	1.704354397
Met	-1.016130893	0.686858293	1.702989186
Nr3c1	-0.750102099	0.950475067	1.700577166
Atxn1l	-0.717108406	0.982529498	1.699637904
Casp8ap2	-0.236972497	1.462004831	1.698977328
Eea1	-0.982930012	0.707390112	1.690320124
Heca	-0.566050165	1.116716604	1.682766769
Socs5	-0.423985751	1.256233885	1.680219636
Bach1	-0.682917325	0.996330422	1.679247747
Lats1	-0.805605835	0.871069393	1.676675228
Aff4	-0.850242463	0.821640605	1.671883068
Zdhhc21	-0.432539662	1.231824548	1.66436421
Gpld1	-0.235649542	1.426360148	1.66200969
Pdik1l	-0.0892928	1.571993335	1.661286135
Rest	-1.057663559	0.59429796	1.651961519
Fam179b	-0.535182848	1.116099945	1.651282793
Camsap2	-0.644537442	1.005491701	1.650029143
Dennd1b	-0.250506143	1.399290741	1.649796884
Socs6	-0.471891685	1.177361365	1.64925305
Tada2b	-0.705466789	0.940299484	1.645766273
Zfp275	-0.703162993	0.941820778	1.644983771
Map3k2	-0.284136716	1.359687535	1.643824251
Zfp518b	-0.935968943	0.707427087	1.64339603
Slc36a4	-0.803936745	0.837078589	1.641015334
Mtx3	-0.015441907	1.61968783	1.635129737
Ccdc71l	-0.024748495	1.609643112	1.634391607
Tnks2	-0.906318021	0.721456417	1.627774438
Zfa-ps	-0.312081675	1.315213822	1.627295497
Zbtb37	-0.073632619	1.552747318	1.626379937
Zfp280b	-0.092150622	1.529305542	1.621456164
Cflar	-0.410837039	1.210303972	1.621141011
Zbtb6	0.015463491	1.636536601	1.62107311
Yod1	0.497967321	2.118566195	1.620598874
AW549877	-0.282208714	1.334837413	1.617046127
Rmnd5a	-0.991242595	0.625224419	1.616467014
Cnst	-0.473716371	1.14062566	1.614342031
Slc5a3	-1.352312872	0.256802874	1.609115746
Irs1	-0.85102077	0.757524849	1.608545619
Ahnak	-1.607723143	-0.006615899	1.601107244
Kdm7a	-0.373244738	1.227675667	1.600920405
Nr1h5	-0.579407558	1.017973501	1.597381059
Rlf	-0.421293667	1.175637865	1.596931532
Alg10b	-0.76438509	0.827690661	1.592075751
Prrg1	-0.750433392	0.841096231	1.591529623
Elmod2	-0.18545674	1.397911707	1.583368447
Tcf20	-0.523554193	1.058357221	1.581911414
Hipk3	-0.657596192	0.923279159	1.580875351
Smg1	-0.855066442	0.724409486	1.579475928
Tmem168	-0.679243162	0.895575167	1.574818329
Tlr4	-0.243793356	1.329618217	1.573411573
Tmed7	-0.725148795	0.84587702	1.571025815
Tgfbr1	-0.618223273	0.950760663	1.568983936
Slc26a2	-0.441389785	1.121874149	1.563263934
Trim59	-0.565113057	0.997715695	1.562828752
Dse	-0.719861893	0.842698635	1.562560528
1700020I14Rik	-0.356845791	1.200950217	1.557796008
Creb1	-0.417997161	1.138494475	1.556491636
Fbxo33	-0.221020015	1.335075802	1.556095817
Zbed6	-1.159271876	0.39285629	1.552128166
Elk4	-0.72278542	0.82914763	1.55193305
Atp13a3	-0.671643288	0.880262196	1.551905484
Ccdc186	-0.242015574	1.309092537	1.551108111
Slc35a3	-0.398313308	1.152606671	1.550919979
B230354K17Rik	-0.643105372	0.906304029	1.549409401
Pum2	-0.763077758	0.78559694	1.548674698
Bmpr2	-0.923809125	0.621986741	1.545795866
Brd1	-0.744465301	0.800157131	1.544622432
Topbp1	-0.77613857	0.759797323	1.535935893
Zfp568	0.487087453	2.022605522	1.535518069
Dbf4	-0.592970324	0.942332546	1.53530287
Hace1	-0.643505571	0.891559129	1.5350647
Megf9	-0.841433914	0.68939167	1.530825584
Rapgef2	-0.719799996	0.810618286	1.530418282
Plag1	-0.509407262	1.015308152	1.524715414
Frs2	-0.597964638	0.92456812	1.522532758
Pik3ca	-0.867206624	0.654274636	1.52148126
Slk	-0.902985311	0.617224148	1.520209459
Klhl5	-0.747358929	0.772017769	1.519376698
Prr14l	-0.724359893	0.794064453	1.518424346
Ipmk	-0.515166033	1.000559129	1.515725162
C1galt1	-0.538621201	0.976655831	1.515277032
Mob1a	-0.864901352	0.648682855	1.513584207
Cpne4	-0.848767286	0.663947199	1.512714485
Phf20l1	-0.230278548	1.281673401	1.511951949
Tmed8	-0.46414836	1.046396851	1.510545211
Dyrk2	-0.510488139	0.999495995	1.509984134
Zfp292	-0.399001042	1.107061723	1.506062765
Ric1	-0.545204181	0.955960638	1.501164819
Snx25	-0.715739379	0.785094465	1.500833844
Adnp	-0.630299077	0.868222141	1.498521218
Pikfyve	-0.60223983	0.892490439	1.494730269
Usp1	-0.540060688	0.954363234	1.494423922
Iws1	-0.51561157	0.978012409	1.493623979
AI597479	-0.304534465	1.188455878	1.492990343
Jak2	-0.633079657	0.859682989	1.492762646
Cdk19	-0.748153797	0.743321148	1.491474945
Mef2a	-0.685531416	0.799877494	1.48540891
Man1a2	-0.872420007	0.608061864	1.480481871
Etnk1	-0.698758373	0.781621173	1.480379546
Dicer1	-0.889699307	0.59049219	1.480191497
Ttbk2	-0.334669665	1.14488896	1.479558625
Zfp217	-0.364358563	1.113725941	1.478084504
Fv1	-1.282915205	0.195142799	1.478058004
Zfp445	-0.614777316	0.862480374	1.47725769
Arhgef12	-0.918572972	0.557763634	1.476336606
Zfp451	-0.601245388	0.874646034	1.475891422
Dcun1d3	0.182431607	1.654256998	1.471825391
Rictor	-0.483329964	0.976989848	1.460319812
Cggbp1	-0.427676846	1.03120757	1.458884416
Smim10l1	-0.610872111	0.847886304	1.458758415
Npat	-0.480535021	0.977943896	1.458478917
Usp45	-0.60977892	0.847527842	1.457306762
Ap1ar	-0.455914211	1.00134101	1.457255221
Zfp106	-1.028042264	0.428889982	1.456932246
Sgcz	-0.29672868	1.159248362	1.455977042
2410089E03Rik	-0.917000282	0.537834802	1.454835084
Rock2	-0.524083881	0.923973979	1.44805786
Usp12	-0.541943143	0.90164901	1.443592153
Gas2l3	-0.535782508	0.906872107	1.442654615
Usp6nl	-0.516100732	0.92565529	1.441756022
Polq	-0.133568709	1.304994963	1.438563672
Klhl9	-0.794464352	0.641306034	1.435770386
Fktn	-0.339219491	1.090985858	1.430205349
Trip11	-0.597958665	0.831981627	1.429940292
Pogk	-0.372867083	1.056972636	1.429839719
Atad5	0.025850345	1.455680949	1.429830604
Tlk1	-0.617767576	0.811576931	1.429344507
Mtmr12	-0.643082304	0.785566171	1.428648475
Zfp266	-0.619009481	0.807730609	1.42674009
Zzz3	-0.384957194	1.040389958	1.425347152
Jade1	-0.379295946	1.044828595	1.424124541
Mtf2	-0.161168024	1.26261506	1.423783084
B3gnt2	-0.263432381	1.159842255	1.423274636
Bdp1	-0.213991752	1.208884756	1.422876508
Mbnl1	-0.730028161	0.690393238	1.420421399
Ahctf1	-0.814693945	0.60382708	1.418521025
Zbtb1	-0.644575767	0.771209468	1.415785235
Rab33b	-0.019812923	1.395177736	1.414990659
Stil	-0.118203443	1.294642508	1.412845951
Zfp644	-0.342400789	1.070357539	1.412758328
Akap10	-0.132827835	1.279828691	1.412656526
Cep170	-0.867126354	0.545252197	1.412378551
Fam13b	-0.188243655	1.222698019	1.410941674
Ino80d	-0.296216922	1.114362784	1.410579706
Apc	-0.86403724	0.54576125	1.40979849
Sowahc	-0.322988735	1.086665242	1.409653977
Fbxo45	-0.445214437	0.96363019	1.408844627
Rlim	-0.76431243	0.643811807	1.408124237
Pcdh19	-1.225630705	0.180595912	1.406226617
Dpp8	-0.737121663	0.669041343	1.406163006
Lin7c	-0.142446407	1.26303496	1.405481367
Chuk	-0.342787069	1.062143873	1.404930942
Cdkn2aip	0.257442166	1.660720052	1.403277886
Zfp704	-0.960866221	0.442022055	1.402888276
Zfp367	-0.147339474	1.255494716	1.40283419
6530403H02Rik	-0.585031076	0.816910265	1.401941341
Shprh	-0.484737615	0.916988264	1.401725879
4932438A13Rik	-0.941205369	0.456184899	1.397390268
Chd1	-0.716337111	0.68042229	1.396759401
Rnf103	-0.660948833	0.735479022	1.396427855
Cep192	-0.866694165	0.523193556	1.389887721
Sbno1	-0.866013773	0.523321408	1.389335181
Ice1	-0.958547028	0.430190109	1.388737137
Stard4	0.055889687	1.444188676	1.388298989
Mga	-0.456186881	0.931529645	1.387716526
Gid8	-0.574906493	0.812283182	1.387189675
Ccp110	-0.7985291	0.587668843	1.386197943
Nbeal1	-0.486574238	0.899415464	1.385989702
Cep152	-0.399103395	0.984690886	1.383794281
Abi2	-0.716114667	0.667623149	1.383737816
Tmem30a	-0.838319316	0.543264829	1.381584145
Klf9	-0.288776078	1.086139269	1.374915347
Tbc1d12	-0.394349925	0.979272851	1.373622776
Mdm4	-0.068494689	1.303548569	1.372043258
Chd6	-0.519457126	0.852240695	1.371697821
Atp11b	-0.695696323	0.672261928	1.367958251
Zfp866	-0.053944001	1.310737083	1.364681084
Rhou	-0.559914073	0.803927473	1.363841546
Rcor3	-0.282208186	1.081151931	1.363360117
Rnf11	-0.43223122	0.928738582	1.360969802
Crebrf	-0.28315466	1.075468875	1.358623535
0610010F05Rik	-0.423832507	0.934051873	1.35788438
Ikzf5	-0.340864618	1.016690038	1.357554656
Pcnx	-0.542589094	0.814820826	1.35740992
Hmgxb4	-0.305452248	1.050722354	1.356174602
Enpp4	-0.410393692	0.945078122	1.355471814
Cpeb4	-0.399187114	0.955845087	1.355032201
Crk	-0.442639474	0.911972911	1.354612385
Pds5a	-0.769847439	0.583616506	1.353463945
Zfp652	-0.581753337	0.771518427	1.353271764
Rhoq	-0.618007078	0.734883452	1.35289053
Tmem87b	-0.535464833	0.816186821	1.351651654
Phip	-0.498657749	0.852934689	1.351592438
Hectd1	-1.125537547	0.2259041	1.351441647
Atxn7	-0.192557025	1.158814743	1.351371768
Edem1	-0.354126866	0.996981549	1.351108415
Phlpp2	-0.6511364	0.698575106	1.349711506
Traf6	-0.105494872	1.244107697	1.349602569
Atmin	-0.436760824	0.912797201	1.349558025
Paqr3	-0.651134881	0.696347385	1.347482266
Aggf1	-0.590911758	0.756407657	1.347319415
Apaf1	-0.78988839	0.556706744	1.346595134
Ssx2ip	-0.53116385	0.814155808	1.345319658
Prkci	-0.829604996	0.515559168	1.345164164
Morc3	-0.391970354	0.952047264	1.344017618
Kdm5a	-0.369600009	0.974242428	1.343842437
Zmym2	-0.623952408	0.719414556	1.343366964
Stx12	-0.682194041	0.661153137	1.343347178
Zik1	-0.178458293	1.164576288	1.343034581
Zbtb14	-0.254665689	1.08709782	1.341763509
Lpgat1	-0.805912916	0.532440767	1.338353683
Gm3086	-0.568724477	0.764902812	1.333627289
Mysm1	0.09122741	1.424851729	1.333624319
Ctdspl2	-0.244062965	1.089533417	1.333596382
Arl5a	-0.485992541	0.846188814	1.332181355
Lcor	-0.029238652	1.302203348	1.331442
Papd5	-0.700073153	0.630148836	1.330221989
Smad5	-0.720937153	0.608927363	1.329864516
Usp42	-0.219812588	1.109602022	1.32941461
Ulk2	-0.643800157	0.685382466	1.329182623
Phf3	-0.767936469	0.560726565	1.328663034
Zdhhc17	-0.19209923	1.135740626	1.327839856
Tmx3	-0.631704644	0.696050619	1.327755263
Rc3h1	-0.729461893	0.597738417	1.32720031
Abca5	-0.892970289	0.432461797	1.325432086
Akap9	-0.937407453	0.386915659	1.324323112
4632415L05Rik	0.876337819	2.196695168	1.320357349
Fzd6	-0.144064635	1.17427123	1.318335865
Lysmd3	0.237075174	1.554172204	1.31709703
Phc3	-0.334071069	0.980219217	1.314290286
Naa30	-0.394730365	0.916499395	1.31122976
Ranbp2	-0.825050813	0.485783299	1.310834112
Elac1	-0.350002132	0.958099636	1.308101768
Homer1	-0.050173739	1.255893535	1.306067274
Luzp1	-0.692844153	0.608298704	1.301142857
Ifit2	-0.406944375	0.892539242	1.299483617
Med13	-0.433734152	0.865379789	1.299113941
Prkrir	-0.391500186	0.907088513	1.298588699
Rfx7	-0.358526263	0.938672829	1.297199092
Cdc42bpa	-0.706637594	0.590455411	1.297093005
Etv3	-0.200562535	1.096282942	1.296845477
Mtmr10	0.024121406	1.318084848	1.293963442
Smc2	-0.862227253	0.431639846	1.293867099
Zkscan1	-0.46240296	0.829996904	1.292399864
Lrp12	-0.833081117	0.459191159	1.292272276
Gnptab	-0.712727072	0.578906345	1.291633417
Ubn1	-0.683800079	0.607769647	1.291569726
Ankrd26	-0.460160702	0.831267032	1.291427734
1190002N15Rik	-0.721724365	0.568905996	1.290630361
Nek7	-0.600773468	0.688221899	1.288995367
Secisbp2l	-0.659288058	0.628084221	1.287372279
Ankrd11	-0.806562996	0.479549638	1.286112634
Klhl24	-0.919778783	0.361430854	1.281209637
Paqr8	-0.42242672	0.85829322	1.28071994
Sertad2	-0.297969652	0.982590646	1.280560298
Amer1	-0.919884559	0.360431096	1.280315655
Dido1	-0.660260053	0.618568989	1.278829042
Arhgap35	-0.855290676	0.423163106	1.278453782
Ibtk	-0.367696568	0.909041697	1.276738265
Faxc	-0.49053847	0.783789272	1.274327742
Mtmr1	-0.773941497	0.498501601	1.272443098
Tshz1	-0.685665564	0.585520944	1.271186508
Brca2	-0.517599654	0.753294887	1.270894541
Osbpl8	-0.538397006	0.731741742	1.270138748
Cpsf2	-0.99263725	0.275421014	1.268058264
Pkn2	-0.485445092	0.780616708	1.2660618
Jmjd1c	-0.264118123	1.000717949	1.264836072
Msl2	-0.112266963	1.151673585	1.263940548
Trim56	-1.067433535	0.196453423	1.263886958
Arid4b	-0.578750361	0.684140747	1.262891108
Gm13034	-1.008398602	0.25427168	1.262670282
Dennd6a	-0.318116355	0.944301033	1.262417388
4930414N06Rik	0.174296184	1.436596347	1.262300163
Tbl1xr1	-0.655365017	0.606875167	1.262240184
Atad2b	-0.190912328	1.070907766	1.261820094
Fam208a	-0.312893041	0.948922321	1.261815362
Vps13c	-1.340491393	-0.079494697	1.260996696
Ankrd28	0.084849923	1.344388179	1.259538256
Ado	-0.349035904	0.909746855	1.258782759
Mbnl2	-0.573415724	0.683357835	1.256773559
Nfatc3	-0.690657542	0.564446224	1.255103766
Prune2	-1.253195413	0.000461719	1.253657132
Epm2aip1	-0.611108564	0.642072471	1.253181035
Chd2	-0.546309908	0.705933392	1.2522433
Atxn3	-0.180288053	1.071104677	1.25139273
Fancm	-0.330233425	0.920983153	1.251216578
Zgrf1	0.048858916	1.297204471	1.248345555
Scoc	-0.75036106	0.497285851	1.247646911
Pkd2	-0.892453173	0.355051322	1.247504495
Tbc1d20	-0.301553023	0.945816722	1.247369745
Dnajc13	-1.017938172	0.227730769	1.245668941
Spty2d1	-0.025327825	1.219582448	1.244910273
Fam120a	-0.975382251	0.267597595	1.242979846
Cbfb	-0.675225438	0.567074193	1.242299631
Gm10658	-0.730461947	0.511274474	1.241736421
Twistnb	-0.025016165	1.21524417	1.240260335
Btaf1	-0.29323773	0.946822044	1.240059774
Psd3	-0.409103194	0.829223058	1.238326252
Mier1	-0.258936782	0.979193239	1.238130021
Mgea5	-0.892850516	0.344507265	1.237357781
Ptpn4	-0.321901468	0.913763568	1.235665036
Zc3h11a	-0.726661234	0.507648633	1.234309867
Atp2b1	-0.603053943	0.630609764	1.233663707
Zbtb43	0.32675177	1.559553243	1.232801473
Prkd3	-0.692773906	0.53846371	1.231237616
Usp9x	-1.016514624	0.213357602	1.229872226
Zfp12	0.452403834	1.681078658	1.228674824
Ppfia1	-0.663009355	0.565423525	1.22843288
Gabpb2	-0.425236996	0.803134942	1.228371938
Bag4	-0.434006629	0.793742407	1.227749036
Dennd4a	-0.58823442	0.639252048	1.227486468
Zfp697	0.254063346	1.478635401	1.224572055
Mier3	-0.129468427	1.093482401	1.222950828
G2e3	-0.465831796	0.753457082	1.219288878
Bnc1	-0.416416017	0.799690038	1.216106055
Crebbp	-0.840183282	0.374275055	1.214458337
Pard6g	-0.291395595	0.920968096	1.212363691
Tug1	-0.371204648	0.838862626	1.210067274
Ccnt1	-0.223357817	0.98624667	1.209604487
Clasp2	-0.806273493	0.403149588	1.209423081
Nipa2	-0.339013251	0.869579415	1.208592666
Ubr3	-0.893035948	0.315410763	1.208446711
Suz12	-0.409708005	0.798732196	1.208440201
Zfp629	0.107972083	1.31411885	1.206146767
Nxt2	-0.544176891	0.660762688	1.204939579
Zranb1	-0.174224418	1.029673872	1.20389829
Adnp2	0.150242955	1.354042332	1.203799377
Fam208b	-0.657688274	0.544647056	1.20233533
Stim2	-0.822599995	0.377203764	1.199803759
Usp24	-0.572918975	0.62686481	1.199783785
Snrk	-0.542485907	0.656584062	1.199069969
Zfp770	0.021027893	1.217847031	1.196819138
Brca1	-0.496034435	0.699849418	1.195883853
Zfp146	-0.498817427	0.696827825	1.195645252
Ugcg	-0.663322544	0.531908151	1.195230695
Gm10371	-0.515753384	0.679230477	1.194983861
Tubgcp5	-0.202596039	0.991410769	1.194006808
Mdm2	-0.06402505	1.128184294	1.192209344
Nedd1	-0.575163919	0.61638035	1.191544269
Bmf	-0.21679063	0.9742223	1.19101293
Foxk2	-0.242730118	0.948107835	1.190837953
Abhd13	-0.130233922	1.060107896	1.190341818
Fam178a	0.155124269	1.344506594	1.189382325
Thap2	0.073678048	1.262400146	1.188722098
Ap4e1	-0.310135614	0.877642352	1.187777966
Golph3	-0.28346442	0.902025029	1.185489449
Baz1a	-0.561288621	0.623832164	1.185120785
Rprd1a	-0.4790887	0.705749704	1.184838404
Csnk1g3	-0.471847116	0.712114238	1.183961354
Sav1	-0.596300664	0.586170663	1.182471327
Cep350	-0.689999966	0.49166332	1.181663286
Ppp1r15b	-0.017178505	1.164250441	1.181428946
Zcchc14	-0.8700063	0.311275808	1.181282108
Taok1	-0.381505825	0.799752724	1.181258549
Ncoa2	-0.682032462	0.498572598	1.18060506
Ccdc14	0.054798245	1.235217987	1.180419742
Bmp2k	-0.667631809	0.507778626	1.175410435
Vps13d	-0.741299637	0.433917824	1.175217461
Mecp2	-0.170091263	1.002705143	1.172796406
Sp3	-0.139531528	1.032830197	1.172361725
Ash1l	-0.533178717	0.638726339	1.171905056
Suv39h2	-0.197345313	0.974345161	1.171690474
Zmym5	-0.441870305	0.727939327	1.169809632
Birc3	0.218512424	1.387409491	1.168897067
Cntrl	-0.637888821	0.530133395	1.168022216
Asb7	0.084998189	1.252307092	1.167308903
Ccdc88a	-0.607457307	0.55949194	1.166949247
Phf20	-0.611763587	0.555020895	1.166784482
Wisp1	0.278317066	1.4447928	1.166475734
Ankrd50	-0.646331815	0.515588385	1.1619202
Ccdc126	-0.275230951	0.886102292	1.161333243
Ptpn9	-0.610253013	0.54994568	1.160198693
Gli3	-0.93772297	0.2223497	1.16007267
Il1rap	-0.837511524	0.322222961	1.159734485
Mdfic	-0.345671974	0.81180366	1.157475634
Golim4	-0.978466874	0.177928202	1.156395076
8030462N17Rik	0.045778255	1.202038125	1.15625987
Nsd1	-0.402899558	0.753036814	1.155936372
Lnp	-0.459086287	0.696832746	1.155919033
Wdfy3	-0.926093497	0.228529366	1.154622863
Sos2	-0.472482144	0.680370587	1.152852731
Fbxl14	-0.263169089	0.887222336	1.150391425
Ccng2	-1.442887071	-0.292717037	1.150170034
Brwd1	-0.271876031	0.877553414	1.149429445
Intu	-0.377497738	0.769400364	1.146898102
Zxdb	0.144038812	1.290888887	1.146850075
Zfp148	-0.401156065	0.745197954	1.146354019
Mki67	-0.878656851	0.267023196	1.145680047
Fzd5	0.279133395	1.424564433	1.145431038
Mphosph9	0.233651264	1.375001888	1.141350624
Mpdz	-1.201178599	-0.063868727	1.137309872
Hiatl1	-0.549593252	0.58731881	1.136912062
Gsk3b	-0.629323955	0.5073721	1.136696055
Nktr	0.348301697	1.484860243	1.136558546
4931403G20Rik	-0.63643025	0.499192555	1.135622805
Wnt5b	-0.227515768	0.907523494	1.135039262
Tnpo1	-0.87856794	0.255890131	1.134458071
Moap1	-0.03463218	1.099200061	1.133832241
Tnrc6a	-0.569742413	0.564002816	1.133745229
Cbx5	-0.833656723	0.297809484	1.131466207
Efr3a	-0.857437795	0.272770075	1.13020787
Zkscan8	-0.101126928	1.028166218	1.129293146
Zxda	0.176076893	1.304475751	1.128398858
Pigf	-0.41821194	0.708994218	1.127206158
Bptf	-0.727981016	0.398979466	1.126960482
Gm20319	-0.652183765	0.474725349	1.126909114
Kidins220	-1.261322122	-0.135027091	1.126295031
Zfp236	-0.272711373	0.852748319	1.125459692
D5Ertd579e	-0.455250494	0.668596926	1.12384742
Rasal2	-0.346289019	0.776792061	1.12308108
Gabpa	-0.789394963	0.333230735	1.122625698
Rnf139	-0.317728719	0.804836473	1.122565192
Smurf2	-0.278356706	0.843775016	1.122131722
Cab39	-0.591700364	0.52903019	1.120730554
Trak2	-0.647216743	0.473241537	1.12045828
Topors	-0.219869922	0.899644388	1.11951431
Phtf1	-0.303376388	0.813174444	1.116550832
Tnks	-0.746670249	0.368119374	1.114789623
Gltscr1l	-0.194652325	0.919950431	1.114602756
Piga	1.090340818	2.204491812	1.114150994
Ppapdc2	-0.037485435	1.074087447	1.111572882
Tet3	-0.481329664	0.630166938	1.111496602
BB287469	-0.48108678	0.626613874	1.107700654
Gm4027	-0.48108678	0.626613874	1.107700654
Tmem194	-0.4244951	0.681330545	1.105825645
Mex3d	-0.728107542	0.377542898	1.10565044
Dusp16	-0.141202264	0.962623117	1.103825381
Pdzk1	-0.358706618	0.744974578	1.103681196
Fndc3b	-0.767205232	0.334478656	1.101683888
Wdr37	0.084910957	1.184907504	1.099996547
Phtf2	-0.330587305	0.769262322	1.099849627
Cpd	-1.082611669	0.016562282	1.099173951
Mis12	0.269745343	1.368719376	1.098974033
Tbc1d4	-0.774139302	0.324011336	1.098150638
Tgm4	-0.351257652	0.746255124	1.097512776
Entpd1	-0.129359538	0.966967406	1.096326944
Fbxl4	-0.201652865	0.893863896	1.095516761
Dr1	-0.309210996	0.785646456	1.094857452
Adgra2	-0.746838617	0.348000646	1.094839263
Kpna1	-0.36423166	0.729883357	1.094115017
Mbtps2	-0.514588774	0.579332033	1.093920807
Fam102b	-0.64710793	0.446308674	1.093416604
Evi5	-0.525692032	0.567304727	1.092996759
Nf1	-0.866872293	0.224405787	1.09127808
Gm2016	-0.50095245	0.589726428	1.090678878
Tatdn1	-0.341156507	0.746470878	1.087627385
Crkl	-0.228897577	0.858385183	1.08728276
Ctdspl	-0.77652022	0.309052102	1.085572322
Cyld	-0.179094796	0.905976988	1.085071784
Elmsan1	0.033664549	1.118618804	1.084954255
Taf5l	-0.017765883	1.066716693	1.084482576
Efnb2	-0.197320086	0.886498744	1.08381883
Slc25a51	-0.355218073	0.728366698	1.083584771
Ncapg2	-0.548933166	0.53166933	1.080602496
Golga1	-0.351888715	0.727928869	1.079817584
Ccser2	-0.348440304	0.729969336	1.07840964
Ptp4a1	-0.136515969	0.941656365	1.078172334
Wapal	-0.351761036	0.725439637	1.077200673
Bdnf	0.66441083	1.741235904	1.076825074
Paxbp1	-0.227470394	0.848704345	1.076174739
Enc1	-0.163054598	0.913041425	1.076096023
Pard6b	0.403709035	1.479533466	1.075824431
Map3k7	-0.57553865	0.499476372	1.075015022
Senp5	-0.30367157	0.770931278	1.074602848
Ubtd2	-0.321805114	0.751299152	1.073104266
Ccnt2	0.482115052	1.554473821	1.072358769
Slmap	-0.660700658	0.410947411	1.071648069
Styx	-0.283891742	0.787177291	1.071069033
Zfp180	0.075947703	1.146795641	1.070847938
Ptpn21	-0.663518841	0.407268179	1.07078702
E130308A19Rik	-0.483295822	0.587285718	1.07058154
Pigm	-0.206734516	0.863445071	1.070179587
Smek1	-0.229812161	0.839543189	1.06935535
Zfp532	-0.026039086	1.041851913	1.067890999
Nupl1	-0.396460071	0.670305449	1.06676552
Btbd7	-0.42905301	0.636893318	1.065946328
Dclre1a	-0.02940122	1.036088736	1.065489956
Pcdhb21	-1.198022231	-0.134035048	1.063987183
Aff1	-0.431288236	0.62922183	1.060510066
Cacul1	-0.195822076	0.864371942	1.060194018
Fam160b1	-0.104389305	0.954860306	1.059249611
Msl1	-0.192981182	0.863523616	1.056504798
Acsl4	-0.649399543	0.406322569	1.055722112
Mfsd9	-0.019394945	1.035814017	1.055208962
Ing5	0.026708189	1.08136302	1.054654831
Med14	-0.796721814	0.257705151	1.054426965
Efcab14	-0.777689478	0.275771458	1.053460936
Herc1	-0.914825983	0.136868108	1.051694091
Aspm	-0.727484406	0.32345915	1.050943556
Tle4	-0.515997215	0.534238005	1.05023522
Gm13363	-0.12752123	0.92233995	1.04986118
Traf3ip1	-0.816234934	0.233493212	1.049728146
C2cd3	-0.733583874	0.315957766	1.04954164
Ankrd40	-0.427299105	0.621239463	1.048538568
Rab28	-0.180214094	0.865108122	1.045322216
Dennd5a	-0.506164624	0.53752468	1.043689304
Ttpal	-0.110894845	0.932707518	1.043602363
Rnf111	-0.506857389	0.533164509	1.040021898
Prkaa1	-0.722029278	0.313569418	1.035598696
Prdm4	-0.210177974	0.824568133	1.034746107
Ep300	-0.678322581	0.354274449	1.03259703
Prmt3	-0.527885632	0.503677169	1.031562801
Fignl1	-0.256752301	0.772803297	1.029555598
Zfp407	-0.451442831	0.576911423	1.028354254
Vmn2r13	-0.623642521	0.404540693	1.028183214
Zbtb5	-0.070749858	0.956748927	1.027498785
Fpgt	0.17778243	1.20398228	1.02619985
Esyt2	-0.577003661	0.448060455	1.025064116
Eif1a	-0.28129339	0.742700921	1.023994311
Lemd3	-0.25185935	0.771913026	1.023772376
BC030336	-0.297299878	0.725093527	1.022393405
Wwp1	-0.385032839	0.636737952	1.021770791
Ubr5	-0.82762655	0.193776436	1.021402986
Dip2c	-0.682422103	0.337990022	1.020412125
4931406P16Rik	-0.69384817	0.323745359	1.017593529
Snn	-1.073848645	-0.056456996	1.017391649
Stxbp5	-0.650131291	0.367196086	1.017327377
Usp7	-0.648572606	0.368144544	1.01671715
Apbb2	-0.692473771	0.323679034	1.016152805
Sdad1	-0.386310265	0.627989992	1.014300257
Dennd4c	-0.684301306	0.329258029	1.013559335
Irak1	-0.329158609	0.684269108	1.013427717
Kif13a	-0.686101376	0.325038416	1.011139792
Chsy1	-0.624044236	0.386179619	1.010223855
3300002I08Rik	0.212800902	1.222746045	1.009945143
Chd8	-0.679976879	0.329087997	1.009064876
Atp7a	-0.999185003	0.009383804	1.008568807
Fryl	-0.906717177	0.101666683	1.00838386
Trpm7	-0.466234798	0.541512572	1.00774737
Macf1	-0.816203659	0.190853099	1.007056758
Chmp1b	-0.719509222	0.287318497	1.006827719
Arid1a	-1.092349138	-0.085812323	1.006536815
Gm12359	-0.198945202	0.805371748	1.00431695
Slc39a10	-0.906200471	0.097264938	1.003465409
Gm5039	-0.397381736	0.604875917	1.002257653
Pbrm1	-0.650210207	0.351372011	1.001582218
Eps8	-0.857338483	0.14271025	1.000048733
Prkacb	-0.754071693	0.245808545	0.999880238
F730043M19Rik	-0.295334096	0.704421252	0.999755348
Uhrf1bp1l	-0.22181915	0.776277711	0.998096861
Suco	-0.226294658	0.770843074	0.997137732
Klhl15	-0.0440949	0.952352049	0.996446949
Cnot1	-0.848237561	0.147559692	0.995797253
Sgpp1	-0.668255495	0.327377559	0.995633054
Dcp1a	-0.386647644	0.608316013	0.994963657
Zbtb11	-0.125284621	0.869210608	0.994495229
Zfp317	-0.178113045	0.816263277	0.994376322
Ttc37	-0.702090773	0.292121794	0.994212567
Abhd17b	-0.30904127	0.684382977	0.993424247
Lrp11	-0.503036953	0.489783974	0.992820927
Ddhd2	-0.585992909	0.406298998	0.992291907
Lin54	-0.235745674	0.75599974	0.991745414
Mfap3	-0.238630552	0.751679481	0.990310033
Srsf10	-0.341719079	0.647705799	0.989424878
Fmn1	-0.251403274	0.736462153	0.987865427
Stard13	0.189524643	1.175509341	0.985984698
Baz1b	-0.828492098	0.156249185	0.984741283
Atad2	-0.564099489	0.420289646	0.984389135
Slc30a9	-0.379838326	0.604057102	0.983895428
Pcnxl4	-0.102181281	0.880438756	0.982620037
Wwc2	-0.650865046	0.331568793	0.982433839
Usp34	-0.591930552	0.389416138	0.98134669
Zfp516	-0.110168383	0.871116195	0.981284578
Pcdhb16	-0.97387823	0.00710383	0.98098206
Zcchc2	-0.014074213	0.965729137	0.97980335
Bmpr1a	-0.530962361	0.447884846	0.978847207
Atp11c	-0.843170015	0.134414288	0.977584303
Naa25	-0.732802596	0.244744263	0.977546859
Rps6ka5	-0.33308108	0.643844184	0.976925264
Ppm1b	-0.459030356	0.517756666	0.976787022
Vkorc1l1	-0.452416865	0.522862219	0.975279084
Irx2	-0.292839068	0.681863839	0.974702907
Fat1	-1.315101648	-0.340594095	0.974507553
Hs2st1	-0.794844549	0.17845461	0.973299159
Cep120	-0.814746492	0.157619348	0.97236584
Yipf6	-0.164628388	0.807713955	0.972342343
Dpy19l4	-0.535877021	0.43591265	0.971789671
Tomm70a	-0.55105329	0.420442239	0.971495529
Gan	-0.646846267	0.323864848	0.970711115
Samd4	-0.266749564	0.703497	0.970246564
Adam9	-0.980271127	-0.01049954	0.969771587
Hiat1	-0.449694628	0.519831389	0.969526017
Pptc7	-0.222179867	0.745948972	0.968128839
Maml1	-0.36087274	0.606077628	0.966950368
Pan3	-0.266301324	0.69846962	0.964770944
Slc25a36	-0.239166782	0.724558085	0.963724867
Hoxaas3	-0.096255752	0.86618349	0.962439242
Ube2q2	-0.658149796	0.30239065	0.960540446
Pds5b	-0.671087185	0.289277085	0.96036427
Vezf1	0.05983597	1.020035011	0.960199041
Ppp1r15a	0.878890044	1.837671551	0.958781507
Ankib1	-0.269582323	0.689131424	0.958713747
Dock5	-0.864977842	0.093390567	0.958368409
Nudt4	-0.517649081	0.439963287	0.957612368
Nus1	-0.021275053	0.934731489	0.956006542
Tnrc6c	-0.714868209	0.237963985	0.952832194
Zfp251	-0.01337616	0.938907539	0.952283699
Clip1	-0.532840601	0.416439183	0.949279784
Dhx33	-0.347200507	0.600130417	0.947330924
Tmem68	-0.017386957	0.929420469	0.946807426
Arhgap19	-0.587023055	0.359637143	0.946660198
Zfp869	0.670852148	1.616882498	0.94603035
Golga3	-0.519410854	0.426289421	0.945700275
Spast	-0.293227419	0.651755783	0.944983202
Bcl2l2	0.003471341	0.948136403	0.944665062
Zfp91Cntf	-0.282124604	0.660598579	0.942723183
Ccdc127	-0.416227254	0.524605415	0.940832669
Spopl	0.030481341	0.969099539	0.938618198
Rbm6	-0.554881172	0.382971214	0.937852386
Usp33	-0.614511285	0.320232112	0.934743397
6030458C11Rik	0.177874751	1.111045374	0.933170623
Hus1	-0.131940168	0.800834489	0.932774657
Atxn7l3b	-0.23143256	0.697333577	0.928766137
Map4k5	-0.499366819	0.429294417	0.928661236
Jag1	0.107165803	1.035592463	0.92842666
Zfp91	-0.283723921	0.640504884	0.924228805
Eif4enif1	-0.439216075	0.484544475	0.92376055
Fbxo28	0.030229205	0.952738597	0.922509392
Ino80	-0.363358305	0.55837166	0.921729965
Gucy2c	-0.500953975	0.419996704	0.920950679
Elk3	-0.36450739	0.553570531	0.918077921
Hs6st1	-0.289880679	0.626294625	0.916175304
Dstyk	-0.50939602	0.406772778	0.916168798
Whsc1	-0.360716608	0.554571653	0.915288261
Son	-0.798034048	0.117117849	0.915151897
Tirap	-0.103241654	0.809922964	0.913164618
Pakap	-0.585142329	0.325061042	0.910203371
Zbtb25	0.044038995	0.953941819	0.909902824
Vps54	-0.34994607	0.558843792	0.908789862
Far1os	-0.285046305	0.619823059	0.904869364
Sprtn	0.406354748	1.310014263	0.903659515
Tusc2	-0.128669829	0.773739211	0.90240904
Msantd4	-0.254660318	0.647584193	0.902244511
Spryd7	-0.196077087	0.705763189	0.901840276
Ssh1	-0.428025965	0.473725471	0.901751436
Rbsn	-0.273464525	0.628220262	0.901684787
Ppm1a	-0.241177341	0.66031825	0.901495591
Bnip2	-0.50055847	0.400925399	0.901483869
Slc9a6	-0.757828308	0.142986064	0.900814372
Lin9	-0.145078924	0.755220914	0.900299838
Klf6	1.545646542	2.44408004	0.898433498
Unkl	-0.329724017	0.568092685	0.897816702
Usp38	-0.049131419	0.846231787	0.895363206
Ftx	0.071636737	0.960301225	0.888664488
N4bp1	-0.572554521	0.313384028	0.885938549
Map1a	-1.06116534	-0.175942913	0.885222427
Kif1b	-0.787691778	0.096875414	0.884567192
Tceb3	-0.408723646	0.474305774	0.88302942
Asb1	0.334792523	1.215830024	0.881037501
1810013L24Rik	0.09933342	0.980370244	0.881036824
Ccny	-0.376096489	0.504083117	0.880179606
Cyb5d1	-0.231181751	0.647776263	0.878958014
Klhl42	-0.475398993	0.403010782	0.878409775
Rab12	-0.383393633	0.491577956	0.874971589
Oxr1	-0.428010302	0.446153787	0.874164089
Tmem170	0.508128917	1.380753685	0.872624768
Svil	-0.909957471	-0.038033736	0.871923735
Tbk1	-0.768398103	0.099775792	0.868173895
Rnf19a	-0.152823585	0.714148544	0.866972129
Pdpk1	-0.291994154	0.574238072	0.866232226
Ate1	-0.442227085	0.422632688	0.864859773
Bace1	-0.538705929	0.324774253	0.863480182
Map3k10	-0.152503835	0.708755468	0.861259303
Otud6b	-0.267263559	0.593173968	0.860437527
Cdc7	0.038476999	0.897673112	0.859196113
Ube2w	-0.501235044	0.356482719	0.857717763
Senp2	-0.368254201	0.486180256	0.854434457
Spsb1	0.039994734	0.893417528	0.853422794
Fbxw11	-0.278424043	0.574197035	0.852621078
Gzf1	0.016532878	0.868657382	0.852124504
Slc33a1	-0.054225223	0.796854293	0.851079516
Pfkfb2	0.028906464	0.875795825	0.846889361
Tmeff1	-0.493570345	0.351726353	0.845296698
Ppp1r2	-0.381573899	0.463571189	0.845145088
Tbpl1	-0.205218637	0.638689522	0.843908159
Selt	-0.240174141	0.603426885	0.843601026
Gosr1	-0.207332058	0.634088162	0.84142022
Lgr4	-0.690919302	0.146655905	0.837575207
Rap1gds1	-0.755954194	0.080685962	0.836640156
Pcnt	-1.083117637	-0.247219464	0.835898173
Slc30a7	-0.144831822	0.690963365	0.835795187
Rcn2	-0.835708254	-0.000995926	0.834712328
Jdp2	0.250000668	1.080813555	0.830812887
Synj2bp	-0.362649568	0.466972863	0.829622431
Uri1	-0.354933111	0.471967494	0.826900605
Asxl1	-0.409061424	0.416836035	0.825897459
Ankrd13a	-0.435125772	0.384785664	0.819911436
Herc2	-1.303023984	-0.488123848	0.814900136
Atf1	-0.577394159	0.236350288	0.813744447
BC005537	-0.263310942	0.541246986	0.804557928
Rttn	-0.513623466	0.290707449	0.804330915
Cipc	0.224045624	1.027136357	0.803090733
Fem1c	-0.141547135	0.660503607	0.802050742
Slc22a23	-0.362907243	0.437814052	0.800721295
Ube3c	-0.655812981	0.143562931	0.799375912
Pogz	-0.471171245	0.31998901	0.791160255
Pde4dip	-0.4991	0.290868325	0.789968325
Dyrk1a	-0.278021411	0.510604825	0.788626236
Pik3cb	-0.173546455	0.614416853	0.787963308
Slc30a5	-0.263114542	0.524746074	0.787860616
Tfdp1	-0.404377743	0.382339796	0.786717539
Tmem184c	-0.454891621	0.331674216	0.786565837
Atf4	1.011997721	1.797915632	0.785917911
Nom1	-0.384254886	0.399169585	0.783424471
Polr2m	-0.239408763	0.541235438	0.780644201
Msh3	-0.437567527	0.340447083	0.77801461
Fam149a	-0.328303403	0.443778148	0.772081551
Tns3	-0.802659682	-0.030649239	0.772010443
Arl2bp	-0.316585658	0.451027526	0.767613184
Mapkapk5	0.078112871	0.844798781	0.76668591
Txndc11	0.5108677	1.268956325	0.758088625
Wdr82	-0.069423929	0.684053416	0.753477345
Kif2a	-0.496892501	0.25608503	0.752977531
Sephs1	-0.56410222	0.187134046	0.751236266
Atf7ip	-0.790620052	-0.039449304	0.751170748
Dcun1d2	-0.388587462	0.360805714	0.749393176
Ccdc47	-0.614879468	0.1339917	0.748871168
Prdm2	-0.333931236	0.413307328	0.747238564
Bag5	-0.043470813	0.701474621	0.744945434
Ppm1h	0.883736859	1.626544216	0.742807357
Uspl1	0.352712352	1.094952019	0.742239667
Trio	-0.507940559	0.229378159	0.737318718
Arel1	-0.208483207	0.523336904	0.731820111
D030056L22Rik	0.301936828	1.024543785	0.722606957
Ube4a	-0.442004381	0.275354978	0.717359359
Usp48	-0.555716395	0.158948357	0.714664752
Habp4	-0.203522726	0.507335388	0.710858114
Wwc1	-0.344663868	0.364613462	0.70927733
Usp54	-0.178207547	0.526237342	0.704444889
Fam20b	-0.476344883	0.226790717	0.7031356
Pknox1	-0.283966529	0.40448608	0.688452609
Coq2	0.067412738	0.755628549	0.688215811
Ralgapa2	-0.359487376	0.328527554	0.68801493
Wbp1l	-0.317288979	0.367736884	0.685025863
Sgms1	0.124054917	0.808469158	0.684414241
Minpp1	-0.380044027	0.304251259	0.684295286
Rap2b	0.205682276	0.884431584	0.678749308
Tagap	0.631638957	1.300373371	0.668734414
Pum1	-0.591851205	0.070558697	0.662409902
Trappc10	-0.340493363	0.320267692	0.660761055
Osbpl11	-0.428122958	0.232097162	0.66022012
Morc2a	-0.418244197	0.240720663	0.65896486
Ogt	-0.586075547	0.072592753	0.6586683
Pdcd6ip	-0.91732852	-0.258697055	0.658631465
Yap1	-0.751545513	-0.097487825	0.654057688
Btg1	0.066479884	0.707900063	0.641420179
Bcl7a	-0.363203081	0.276550579	0.63975366
Tagap1	0.598262331	1.236387991	0.63812566
Tbc1d24	-0.041393983	0.592783899	0.634177882
Gucd1	0.437243626	1.070229373	0.632985747
2610301B20Rik	-0.035595179	0.595068068	0.630663247
Sptlc2	-0.538897363	0.089282909	0.628180272
Kremen1	-0.23609497	0.387218637	0.623313607
Ensa	-0.073371425	0.544059676	0.617431101
Mtmr3	-0.159698499	0.456822134	0.616520633
Mrps25	-0.368973527	0.241187438	0.610160965
Rps6kc1	-0.095619947	0.512955105	0.608575052
Gpbp1l1	-0.271374212	0.334357523	0.605731735
Tgfbrap1	-0.02586279	0.577912326	0.603775116
Exog	0.530698575	1.132549781	0.601851206
Dexi	-0.258482412	0.342540115	0.601022527
Mllt10	-0.210125253	0.38258292	0.592708173
Mon2	-0.398113357	0.191655293	0.58976865
Wdr48	-0.429721958	0.14909179	0.578813748
Setdb1	-0.380778402	0.191864006	0.572642408
Phf12	0.110675853	0.682870158	0.572194305
Thada	-0.452183331	0.117696304	0.569879635
Gnpat	-0.409029366	0.156474468	0.565503834
Fam168b	-0.289176871	0.263343429	0.5525203
Zc3h4	-0.036333445	0.480385778	0.516719223
Ip6k1	0.194122987	0.609983456	0.415860469
Strip1	0.157875102	-0.31155983	-0.469434932
Ddx39b	0.187487497	-0.334382897	-0.521870394
Map4	-0.265194199	-0.811946715	-0.546752516
Kif2c	-0.47506108	-1.027598998	-0.552537918
Tsg101	-0.06918359	-0.640012734	-0.570829144
Ilf3	-0.071357865	-0.646958619	-0.575600754
Rpl5	0.015844235	-0.575883339	-0.591727574
Ap2a2	-0.107512088	-0.702960212	-0.595448124
Cul7	0.291472531	-0.309363705	-0.600836236
Calm1	-0.270843753	-0.873227312	-0.602383559
Rbm10	0.465119794	-0.143466261	-0.608586055
Fbxw8	0.046358385	-0.562848411	-0.609206796
Eif4a1	-0.236974747	-0.846334935	-0.609360188
Glo1	-0.178347369	-0.78936467	-0.611017301
Elp2	-0.275872349	-0.893472023	-0.617599674
Nploc4	0.178690089	-0.443561743	-0.622251832
Cmtr1	0.268627955	-0.358161826	-0.626789781
Acad8	0.316266404	-0.311333913	-0.627600317
Nsdhl	-0.323927592	-0.958190852	-0.63426326
Ccdc167	0.292124708	-0.345048731	-0.637173439
Galnt1	-0.075526244	-0.714999097	-0.639472853
Ube2n	-0.256430139	-0.896136329	-0.63970619
Caml	0.752879561	0.111395677	-0.641483884
Cep131	0.703264937	0.060943038	-0.642321899
Ilk	-0.215926896	-0.858574406	-0.64264751
Slc25a3	0.011393317	-0.631792589	-0.643185906
Gm12504	-0.310438846	-0.96445087	-0.654012024
Rab1b	-0.31211023	-0.96908831	-0.65697808
Rbmxl1	-0.201195859	-0.866916276	-0.665720417
Comt	0.073283526	-0.593530212	-0.666813738
Top3b	0.702333734	0.034574407	-0.667759327
Micu1	-0.224560081	-0.893646827	-0.669086746
Nup85	0.13631044	-0.536170726	-0.672481166
Ptma	-0.303024041	-0.977520726	-0.674496685
Enoph1	0.14340245	-0.532355718	-0.675758168
Tppp	-0.196654646	-0.872931849	-0.676277203
Aspscr1	0.221568837	-0.45580769	-0.677376527
Hacd3	-0.22542912	-0.904096472	-0.678667352
Sptlc1	0.11092439	-0.569154356	-0.680078746
Pole2	0.10658962	-0.574187325	-0.680776945
Xrcc1	0.112838121	-0.571364008	-0.684202129
Vps53	-0.057045519	-0.747824145	-0.690778626
Vps51	0.449000395	-0.241793546	-0.690793941
Ubap2l	-0.516130421	-1.208833112	-0.692702691
Ndufs2	0.033825975	-0.659017987	-0.692843962
Lss	0.872065307	0.17826443	-0.693800877
Psme3	-0.008704234	-0.703642723	-0.694938489
Gnaq	-0.165821205	-0.860789212	-0.694968007
Mrps35	0.215830319	-0.479960338	-0.695790657
Lztr1	0.039547443	-0.660850405	-0.700397848
Slc31a1	-0.05288052	-0.753622064	-0.700741544
Hnrnpab	-0.222113881	-0.924714689	-0.702600808
Gps1	0.00738197	-0.697827209	-0.705209179
4930483K19Rik	0.925695777	0.217098344	-0.708597433
Sirt7	1.00814379	0.29670411	-0.71143968
Aip	-0.119908146	-0.831482445	-0.711574299
Ddx24	0.167237578	-0.544715881	-0.711953459
Fzd2	0.15549552	-0.557419477	-0.712914997
Nap1l4	-0.089074141	-0.802424502	-0.713350361
Tbcd	0.084194006	-0.630484933	-0.714678939
Snrpc	-0.085847271	-0.801425684	-0.715578413
Exosc8	0.158980251	-0.55788481	-0.716865061
Tmed10	-0.274303392	-0.993940662	-0.71963727
Napa	0.024291257	-0.698922714	-0.723213971
Gak	0.411576796	-0.313150917	-0.724727713
9030624J02Rik	-0.015411169	-0.741287365	-0.725876196
Park7	-0.119834153	-0.846022109	-0.726187956
Wash1	0.377029622	-0.352449378	-0.729479
Creb3	0.237711492	-0.492081902	-0.729793394
Ash2l	0.012002388	-0.717988098	-0.729990486
Tada1	0.280488838	-0.449502358	-0.729991196
Ehd1	0.171100977	-0.560934606	-0.732035583
Mbd5	-0.118157031	-0.853572506	-0.735415475
B230209E15Rik	-0.259168685	-0.994593405	-0.73542472
Aamp	0.085964443	-0.649698169	-0.735662612
Tcp1	-0.320353499	-1.056994869	-0.73664137
Hars	-0.135868266	-0.876282346	-0.74041408
Dhodh	0.510171067	-0.231293604	-0.741464671
Ttc27	-0.161698687	-0.903856414	-0.742157727
1110004F10Rik	0.200252042	-0.544822713	-0.745074755
Wdr61	0.032216399	-0.713565793	-0.745782192
Ndufs3	0.05931536	-0.687407272	-0.746722632
Coasy	0.526360828	-0.220494417	-0.746855245
Dalrd3	0.140031321	-0.608030359	-0.74806168
Ipo4	0.030858571	-0.717373524	-0.748232095
Rbbp5	0.48998012	-0.259994471	-0.749974591
Kif20a	-0.344683416	-1.096186722	-0.751503306
Vps26b	0.20052834	-0.551803932	-0.752332272
Chchd2	-0.247793958	-1.000879317	-0.753085359
Naa35	-0.002204335	-0.755892107	-0.753687772
Hhla1	-0.03816191	-0.792158242	-0.753996332
Yipf2	0.009751786	-0.747656147	-0.757407933
Ighmbp2	1.208323266	0.449717782	-0.758605484
Prkrip1	0.710073629	-0.050270864	-0.760344493
Prkcd	0.097025544	-0.664913148	-0.761938692
Psmd3	0.202125989	-0.561661089	-0.763787078
Got1	0.152449143	-0.611450579	-0.763899722
Cnbp	0.222061843	-0.547276756	-0.769338599
Cr1l	-0.218296606	-0.99025764	-0.771961034
Zfp622	0.858189235	0.084443317	-0.773745918
Actr10	0.094523246	-0.679674396	-0.774197642
0610009O20Rik	0.558337951	-0.216270887	-0.774608838
Ndufs7	-0.116349801	-0.892410095	-0.776060294
Dnm2	0.107611901	-0.668630282	-0.776242183
Spc24	0.044713957	-0.732244121	-0.776958078
Chchd3	0.025685126	-0.751858455	-0.777543581
Ewsr1	-0.100324301	-0.8778935	-0.777569199
Hgsnat	-0.030708092	-0.809208483	-0.778500391
Gars	-0.043927807	-0.824012131	-0.780084324
Ran	-0.142416658	-0.922655669	-0.780239011
Kat5	0.720884264	-0.059756235	-0.780640499
Rrp8	0.688599933	-0.092158717	-0.78075865
Dpp3	-0.036981566	-0.819862023	-0.782880457
Grpel1	0.070665416	-0.713976768	-0.784642184
Trim28	0.172072441	-0.613153921	-0.785226362
Plce1	-0.124556118	-0.91326725	-0.788711132
Snrpd1	-0.281840202	-1.071586002	-0.7897458
Mrpl4	0.025713419	-0.764405271	-0.79011869
Acad9	-0.182456812	-0.972917887	-0.790461075
Psmb1	-0.048125915	-0.840985386	-0.792859471
Tuba4a	-0.16292072	-0.956379031	-0.793458311
Lyrm4	-0.095760655	-0.889826859	-0.794066204
Zbed5	-0.212069956	-1.007053901	-0.794983945
Adrm1	0.401944238	-0.394923409	-0.796867647
Otub1	-0.125003188	-0.922312883	-0.797309695
Eef2	0.106888665	-0.692151526	-0.799040191
Slc16a2	-0.241121579	-1.042931133	-0.801809554
Naca	-0.143139009	-0.946693885	-0.803554876
Apip	-0.035090102	-0.84170981	-0.806619708
Pou2f3	-0.020625158	-0.829413474	-0.808788316
Mrpl13	0.023467684	-0.78533875	-0.808806434
Loxl3	0.156068836	-0.655484219	-0.811553055
Mms19	0.553663376	-0.258361088	-0.812024464
Ybx1	-0.260715014	-1.073156721	-0.812441707
Endog	0.51563846	-0.296864952	-0.812503412
Thyn1	-0.060505383	-0.87420524	-0.813699857
Ndufv2	0.093609993	-0.721986319	-0.815596312
Srsf2	0.147504994	-0.668322267	-0.815827261
Cdc25c	0.299039721	-0.519788375	-0.818828096
Psmb3	-0.210467036	-1.029675056	-0.81920802
Wdr12	0.057785351	-0.763067284	-0.820852635
4930552N02Rik	-0.137518805	-0.961614344	-0.824095539
Cbfa2t3	-0.212147335	-1.037765788	-0.825618453
Gmpr2	0.21977167	-0.606528823	-0.826300493
Tpi1	-0.290670961	-1.118458011	-0.82778705
Psmd7	-0.03646891	-0.865999054	-0.829530144
Arid1b	-0.195901325	-1.026281382	-0.830380057
Tmem43	-0.013906376	-0.844984321	-0.831077945
Pcbp2	-0.121069204	-0.953116769	-0.832047565
9330179D12Rik	-0.331818548	-1.165368324	-0.833549776
Dnpep	0.057645061	-0.77657842	-0.834223481
P4ha1	-0.209189597	-1.043523177	-0.83433358
Gclm	-0.180771416	-1.016903328	-0.836131912
Gm10052	-0.280213267	-1.118758482	-0.838545215
Lrp1b	-0.110985465	-0.949622539	-0.838637074
Wdr6	0.038253281	-0.802748862	-0.841002143
Adck4	0.821466469	-0.019855459	-0.841321928
Blvrb	-0.111360141	-0.952893946	-0.841533805
Wdr46	0.073758509	-0.768111164	-0.841869673
Prkaca	-0.275874411	-1.118136349	-0.842261938
Ndufa9	-0.179827963	-1.024058207	-0.844230244
Ap2m1	-0.109270776	-0.954764696	-0.84549392
Slc39a7	0.450988116	-0.394928454	-0.84591657
Hdac10	0.897652905	0.050270636	-0.847382269
Akr7a5	0.081748328	-0.766700641	-0.848448969
Arl2	-0.026076866	-0.875736164	-0.849659298
Tssc1	0.385208291	-0.464775264	-0.849983555
Gm5643	-0.292934085	-1.145145998	-0.852211913
Acadvl	0.021667256	-0.830546602	-0.852213858
Ccdc130	1.438964365	0.586680602	-0.852283763
Hnrnpa1	-0.292738104	-1.145305156	-0.852567052
Ech1	-0.335390045	-1.188578754	-0.853188709
Prkag1	0.471904488	-0.381565603	-0.853470091
Aco1	0.069850579	-0.783678691	-0.85352927
U2af1	0.140209655	-0.713523343	-0.853732998
Mrpl3	0.196885564	-0.657239241	-0.854124805
Psat1	-0.285788047	-1.140654908	-0.854866861
Rpusd1	0.418393386	-0.440126829	-0.858520215
Cttn	-0.091309544	-0.949866697	-0.858557153
Rbm22	0.212017797	-0.647532154	-0.859549951
Eef1e1	0.303941663	-0.556033515	-0.859975178
Pla2g4e	-0.10635942	-0.968409759	-0.862050339
Haus5	0.29975526	-0.562729839	-0.862485099
Hdhd3	0.676760962	-0.185845745	-0.862606707
Srp68	0.0804082	-0.785745523	-0.866153723
Sf1	0.294841796	-0.572664223	-0.867506019
Cuedc2	-0.021525795	-0.889158551	-0.867632756
Bcs1l	0.417061164	-0.450690096	-0.86775126
Carm1	-0.01515197	-0.884324111	-0.869172141
Snx1	0.098066251	-0.77236113	-0.870427381
Snrpd3	-0.287125235	-1.160506711	-0.873381476
Mrpl48	-0.086009135	-0.960251312	-0.874242177
Arpc3	-0.429799681	-1.304698872	-0.874899191
Isyna1	0.138725485	-0.736348256	-0.875073741
Atp6v0c	-0.271841332	-1.147082918	-0.875241586
Atp6v0c-ps2	-0.271841332	-1.147082918	-0.875241586
Ppox	0.527068763	-0.348945773	-0.876014536
Atf6b	0.27696325	-0.601212534	-0.878175784
Pdcd2	0.681879677	-0.196720977	-0.878600654
Dxo	1.00738518	0.126506238	-0.880878942
Ptges3	-0.157723707	-1.038663651	-0.880939944
Ptprd	0.015811196	-0.866508016	-0.882319212
Haus1	0.015184688	-0.868900279	-0.884084967
Prdx1	-0.437960962	-1.322246067	-0.884285105
Gmppb	1.098854983	0.214246267	-0.884608716
Slc25a12	-0.147340332	-1.033414654	-0.886074322
Aldh16a1	0.222270183	-0.665054692	-0.887324875
Copa	-0.069903387	-0.958800235	-0.888896848
Eps15l1	0.115434375	-0.773504084	-0.888938459
Arf1	0.034649652	-0.855729986	-0.890379638
Psmb4	-0.042035132	-0.933104163	-0.891069031
Slc30a6	0.376193456	-0.516172731	-0.892366187
Rnf121	0.568030878	-0.325480585	-0.893511463
Ftsj1	-0.314230633	-1.210243392	-0.896012759
Ppt1	-0.212648444	-1.109633477	-0.896985033
Ube2e1	0.061973581	-0.836413953	-0.898387534
Gm10785	0.032121497	-0.867308027	-0.899429524
Psmb2	-0.158707724	-1.058497009	-0.899789285
Dmap1	0.490356657	-0.409445104	-0.899801761
Eral1	0.666310231	-0.234601119	-0.90091135
Hadh	-0.296184686	-1.197277432	-0.901092746
Hnrnpc	0.01980266	-0.882133236	-0.901935896
Cby1	0.181565073	-0.721149282	-0.902714355
Trpc4ap	0.040634113	-0.862981092	-0.903615205
Plscr3	0.009335727	-0.895277984	-0.904613711
Mrc2	0.55353614	-0.351694739	-0.905230879
Gm7977	-0.201226852	-1.106674496	-0.905447644
Mrps30	0.441647616	-0.465334949	-0.906982565
Cacna2d3	-0.14626189	-1.056134124	-0.909872234
Thbs3	0.448403276	-0.461664424	-0.9100677
Rtcb	0.077754439	-0.833046209	-0.910800648
Slc25a4	-0.108997934	-1.020472397	-0.911474463
Btf3	-0.139411821	-1.051322263	-0.911910442
Actr1a	0.051417384	-0.860524127	-0.911941511
Dpysl2	-0.286581334	-1.199337122	-0.912755788
Smn1	0.059706735	-0.853089968	-0.912796703
Gnai2	-0.022050401	-0.935247616	-0.913197215
Gm5803	-0.208328195	-1.122574672	-0.914246477
Ppia	-0.153415395	-1.068858266	-0.915442871
Alyref	-0.027988348	-0.945666083	-0.917677735
Rgs22	-0.139450938	-1.057924512	-0.918473574
Nthl1	0.515288212	-0.403345242	-0.918633454
Aga	0.297710038	-0.623086364	-0.920796402
Gtf2f1	0.155310841	-0.76692576	-0.922236601
Nme2	-0.101947168	-1.028352312	-0.926405144
Tmed9	0.30538896	-0.621039893	-0.926428853
Kars	-0.214611723	-1.141140219	-0.926528496
Atp5g1	-0.073172792	-1.000165461	-0.926992669
Magoh	-0.131712857	-1.060426359	-0.928713502
Amdhd2	0.317566508	-0.611201851	-0.928768359
Sin3b	-0.194692126	-1.124652019	-0.929959893
U2af2	0.162914405	-0.767058417	-0.929972822
Slc3a2	1.389731387	0.459127472	-0.930603915
Prdx2	-0.297592953	-1.229733465	-0.932140512
Mecr	0.181868256	-0.75043285	-0.932301106
Ywhaq	-0.21768216	-1.150539551	-0.932857391
Arsa	0.231603469	-0.702022862	-0.933626331
Eif1ax	-0.197331944	-1.131134938	-0.933802994
Kdm4a	0.509411981	-0.425398827	-0.934810808
Man2c1	0.277533801	-0.657430372	-0.934964173
Ogdh	-0.11446836	-1.051273068	-0.936804708
Pfkm	-0.147522988	-1.084544201	-0.937021213
Fads3	0.02218289	-0.914949087	-0.937131977
Tbrg1	0.13523875	-0.803070084	-0.938308834
Dap3	0.082040305	-0.856636398	-0.938676703
Lin37	0.556112151	-0.383811518	-0.939923669
Ppil2	0.284513805	-0.655495585	-0.94000939
Usp5	0.032607358	-0.910690217	-0.943297575
Pnkd	0.369054834	-0.576224615	-0.945279449
Pir	-0.056017063	-1.00258357	-0.946566507
Ogdhl	0.139310311	-0.808196241	-0.947506552
Dctn3	0.150925361	-0.796933163	-0.947858524
Zfpl1	0.672717495	-0.276016645	-0.94873414
Fbxo24	-0.106073543	-1.055023262	-0.948949719
Snrpa1	0.224301434	-0.724845982	-0.949147416
Osgin1	0.978351488	0.029181013	-0.949170475
Psmd6	-0.081059618	-1.033720761	-0.952661143
Gsdmd	0.373601825	-0.579518016	-0.953119841
Dus3l	0.696652434	-0.257019065	-0.953671499
Cnot10	0.085249019	-0.868806844	-0.954055863
Pigs	-0.230726115	-1.185123687	-0.954397572
Fndc7	-0.257912387	-1.212345615	-0.954433228
Clpp	0.338618294	-0.615825849	-0.954444143
Eif3h	0.022323606	-0.93219527	-0.954518876
Itfg2	1.313332553	0.357850221	-0.955482332
Ano10	-0.040227248	-0.996198869	-0.955971621
Psma2	-0.34441783	-1.302506005	-0.958088175
Kifc5b	0.714644568	-0.24395644	-0.958601008
Kifc1	0.675843654	-0.283441351	-0.959285005
Ndufa11	-0.229540211	-1.188842504	-0.959302293
Naglu	0.497831142	-0.463221812	-0.961052954
Swi5	-0.12264635	-1.08465328	-0.96200693
Sgta	0.062990521	-0.899637108	-0.962627629
Psma5	-0.263593952	-1.227987826	-0.964393874
Khsrp	0.174621678	-0.790193383	-0.964815061
Dcakd	-0.180901038	-1.146489408	-0.96558837
Mcm2	0.146143832	-0.82070272	-0.966846552
Cope	-0.179538742	-1.146641197	-0.967102455
Cers4	0.536219848	-0.433383006	-0.969602854
Ints10	-0.041611721	-1.011587541	-0.96997582
Rasl2-9	0.041389804	-0.929788323	-0.971178127
Hdac6	0.066384139	-0.905133218	-0.971517357
Hdgfrp2	0.271811706	-0.699720221	-0.971531927
9030617O03Rik	0.253056597	-0.718803862	-0.971860459
Tmbim6	-0.26223997	-1.237516611	-0.975276641
Eif3b	-0.022036558	-0.998872954	-0.976836396
Ptbp1	0.170764886	-0.806618519	-0.977383405
Cog8	0.865440959	-0.112046582	-0.977487541
Lta4h	-0.087530834	-1.065909169	-0.978378335
Rbbp7	-0.300518107	-1.279528277	-0.97901017
Dazap1	0.215002039	-0.764750695	-0.979752734
Drg1	0.232053752	-0.748002495	-0.980056247
Cntnap5b	-0.220452895	-1.202051793	-0.981598898
Ctnnbl1	0.044552117	-0.937416072	-0.981968189
Ap3d1	0.435404256	-0.54754663	-0.982950886
Ywhae	-0.560690181	-1.544211131	-0.98352095
Mrpl24	0.148251956	-0.836065067	-0.984317023
Fam3a	0.335835091	-0.648892057	-0.984727148
Uxs1	-0.18270936	-1.168502616	-0.985793256
Edc4	0.275534708	-0.710752119	-0.986286827
Dctn2	0.15290842	-0.83488727	-0.98779569
Tyms	0.165407104	-0.823054066	-0.98846117
Pdpn	0.240488024	-0.748220023	-0.988708047
Sf3b6	-0.236505408	-1.225740966	-0.989235558
Arpc2	-0.134250181	-1.124717116	-0.990466935
Dbnl	0.275880012	-0.714738874	-0.990618886
Gps2	0.295253999	-0.696344306	-0.991598305
Tmem173	0.321070849	-0.67115602	-0.992226869
Laptm4a	0.062593742	-0.929720836	-0.992314578
Cct8	-0.410821422	-1.403341302	-0.99251988
Eif3i	-0.108568753	-1.101623398	-0.993054645
Plod3	0.286132195	-0.708000773	-0.994132968
Dhrs4	0.045282978	-0.949411485	-0.994694463
Eif4a3	0.027214863	-0.967996871	-0.995211734
Mir702	0.315127294	-0.680135454	-0.995262748
Bckdha	-0.119311831	-1.114597275	-0.995285444
Adsl	0.238077966	-0.75883308	-0.996911046
Hk1	-0.129146595	-1.126724022	-0.997577427
Atp6v1f	0.071224217	-0.928279717	-0.999503934
Serpinf1	-0.016854845	-1.018346082	-1.001491237
Txn1	-0.180246768	-1.181750319	-1.001503551
Eef1d	-0.181384056	-1.183116618	-1.001732562
Adh5	-0.104274145	-1.107724609	-1.003450464
Syf2	0.144373665	-0.859913531	-1.004287196
Dvl2	0.67928187	-0.325125889	-1.004407759
Mrpl22	0.048449683	-0.95688018	-1.005329863
Psma1	-0.143253623	-1.149002524	-1.005748901
Nnt	-0.321926047	-1.327743626	-1.005817579
Wdr1	-0.034942754	-1.040971005	-1.006028251
Fdft1	0.717863621	-0.289290519	-1.00715414
Uqcrb	-0.109695772	-1.117155517	-1.007459745
Lppr3	0.211606377	-0.796222337	-1.007828714
Pcna	-0.242749548	-1.250700904	-1.007951356
Apeh	0.324054141	-0.685527087	-1.009581228
Apoa1bp	-0.00845002	-1.018165545	-1.009715525
Anapc7	0.332813361	-0.676967268	-1.009780629
Nrxn1	-0.056341837	-1.066201613	-1.009859776
Mrps17	0.219368608	-0.792568134	-1.011936742
Pmpcb	0.086142277	-0.927451597	-1.013593874
Plcd1	0.290438108	-0.723580619	-1.014018727
Psmc1	-0.24629435	-1.260913717	-1.014619367
Ptrf	0.060662235	-0.955952385	-1.01661462
Acaa1b	0.49773505	-0.520332421	-1.018067471
Pdhb	0.201818613	-0.817278214	-1.019096827
Ppp2r1a	-0.168710229	-1.188108133	-1.019397904
Mvp	0.253070038	-0.766696015	-1.019766053
Pak1ip1	0.209063602	-0.812678735	-1.021742337
Nt5c	0.179072711	-0.842876995	-1.021949706
Ptgis	0.118495604	-0.903534989	-1.022030593
Cct5	-0.1152741	-1.137868984	-1.022594884
Aimp1	0.053343034	-0.969504026	-1.02284706
Naga	0.510572686	-0.512462525	-1.023035211
Prdx4	-0.012550336	-1.036243124	-1.023692788
Sec11a	0.325018532	-0.699295562	-1.024314094
Nup37	0.224021203	-0.801055639	-1.025076842
Ap1b1	0.176466759	-0.84902223	-1.025488989
Selo	0.81073471	-0.215193806	-1.025928516
Tsen34	0.027240435	-1.000251467	-1.027491902
E030024N20Rik	-0.100045572	-1.128230861	-1.028185289
Cdk5rap3	0.456271232	-0.572469663	-1.028740895
Cnga1	-0.307602705	-1.336405356	-1.028802651
Gm29811	-0.235471856	-1.264329762	-1.028857906
Ppie	0.421720299	-0.607247956	-1.028968255
1700007G11Rik	0.05810908	-0.971192597	-1.029301677
Capns1	-0.125277019	-1.155323047	-1.030046028
Tm2d3	-0.068973526	-1.099181962	-1.030208436
Qsox1	0.206042035	-0.825541712	-1.031583747
Spp1	-0.464760439	-1.496885591	-1.032125152
Fam216a	0.385769171	-0.646993654	-1.032762825
4930405D11Rik	-0.186765488	-1.2202712	-1.033505712
Wls	-0.130946836	-1.16508449	-1.034137654
Kdelr1	0.000992221	-1.033431373	-1.034423594
Ppp2r5d	0.069234135	-0.965870704	-1.035104839
Ilf2	-0.050483699	-1.0873216	-1.036837901
Arhgdia	-0.208069794	-1.245551026	-1.037481232
Hsd17b10	-0.240757856	-1.280575638	-1.039817782
Psap	0.019385289	-1.020465205	-1.039850494
Serpinh1	0.406002577	-0.634479583	-1.04048216
Mir8094	-0.085690334	-1.126757039	-1.041066705
Dscc1	0.295759527	-0.746157327	-1.041916854
Mir703	0.04754757	-0.994708945	-1.042256515
Mrpl47	0.248933621	-0.793464691	-1.042398312
Fcrla	-0.122724997	-1.165910456	-1.043185459
Lrrc69	-0.162722506	-1.207449702	-1.044727196
Rfc3	0.433601067	-0.611455098	-1.045056165
Tmbim1	0.490570179	-0.554715417	-1.045285596
Bcat1	0.228136613	-0.817688024	-1.045824637
Ncoa7	-0.093859882	-1.140297859	-1.046437977
Srpr	0.014632025	-1.033390005	-1.04802203
Hnrnpk	-0.216965147	-1.265110104	-1.048144957
Nit2	-0.047391051	-1.095555058	-1.048164007
Trap1	0.001297256	-1.050143603	-1.051440859
Lrrc47	0.425220393	-0.627558782	-1.052779175
Rad23b	0.159965262	-0.893855268	-1.05382053
Cct4	-0.050971443	-1.104884687	-1.053913244
Cog4	0.422977145	-0.633065807	-1.056042952
Actb	-0.171775182	-1.229847169	-1.058071987
Arf3	-0.01619828	-1.074980615	-1.058782335
Gtpbp1	0.271434379	-0.787933914	-1.059368293
Ndufv1	0.015789444	-1.045963299	-1.061752743
Mpst	0.092962859	-0.968853809	-1.061816668
Aldh7a1	-0.126950449	-1.189530617	-1.062580168
Hmces	0.623119749	-0.43995462	-1.063074369
Ddx1	-0.244652048	-1.307915221	-1.063263173
Abcf2	-0.023511627	-1.087033316	-1.063521689
Gnas	-0.228190489	-1.291980646	-1.063790157
Tmem214	0.783295754	-0.281164502	-1.064460256
Mvb12a	0.049696827	-1.016745067	-1.066441894
Nat10	0.298284332	-0.768474108	-1.06675844
Pomt1	0.637190648	-0.430278839	-1.067469487
Ccdc30	-0.154805231	-1.22241035	-1.067605119
Idh3g	-0.094030583	-1.161682006	-1.067651423
Bckdhb	-0.134360196	-1.202701226	-1.06834103
Sec13	0.089202183	-0.979793944	-1.068996127
Nob1	0.532321817	-0.537326349	-1.069648166
Esd	-0.183491302	-1.255255543	-1.071764241
Prdx6b	-0.341104048	-1.414376677	-1.073272629
Blmh	0.24163353	-0.832136042	-1.073769572
Gm8994	0.080954809	-0.992875979	-1.073830788
Psmd2	-0.10607189	-1.179998381	-1.073926491
Ndufb6	0.082566927	-0.991933134	-1.074500061
Stmn1	-0.223829593	-1.299656239	-1.075826646
Mrps18c	0.257259505	-0.819216624	-1.076476129
Bbs9	-0.143295177	-1.219837226	-1.076542049
Thoc6	0.282000222	-0.794756828	-1.07675705
Ska1	0.211195443	-0.865695208	-1.076890651
Rbm42	0.281803762	-0.796590431	-1.078394193
Atp5l	-0.040130171	-1.119992849	-1.079862678
Snrpa	0.325559705	-0.755501456	-1.081061161
Tmem147	-0.168857952	-1.250217014	-1.081359062
Cct3	-0.196239142	-1.279494987	-1.083255845
Tmem39b	-0.039911994	-1.123674774	-1.08376278
Ppib	0.177913089	-0.908005047	-1.085918136
Srsf7	0.723269417	-0.363207129	-1.086476546
Tcp11	0.028555827	-1.058115661	-1.086671488
Tyms-ps	0.04288071	-1.044853887	-1.087734597
Hsd17b4	-0.131763495	-1.220132919	-1.088369424
Ndufa10	0.044362824	-1.045628193	-1.089991017
Vps52	0.357340818	-0.732981839	-1.090322657
Prkra	0.148661331	-0.942101433	-1.090762764
Trafd1	0.587671451	-0.504570715	-1.092242166
Smim1	0.426326032	-0.668901658	-1.09522769
Slc7a11	-0.075622432	-1.174295623	-1.098673191
Tubgcp2	0.494893549	-0.604890026	-1.099783575
Cryz	0.127621226	-0.972894339	-1.100515565
Tacc3	0.064545232	-1.036095116	-1.100640348
Tulp2	-0.001350545	-1.102156566	-1.100806021
Pcbp1	0.252601269	-0.84822234	-1.100823609
Nucb1	-0.001036196	-1.103859853	-1.102823657
Rnpep	0.204589328	-0.898783084	-1.103372412
Gss	0.080640572	-1.023381106	-1.104021678
Tmem63a	0.523899218	-0.582671678	-1.106570896
Sars2	0.630873327	-0.475712373	-1.1065857
Atxn10	-0.089407837	-1.201657972	-1.112250135
Rbbp4	0.015996459	-1.098331736	-1.114328195
Prkcsh	0.158697554	-0.956615772	-1.115313326
Pa2g4	-0.254719908	-1.370328651	-1.115608743
Cs	-0.004321097	-1.121039395	-1.116718298
Cops4	0.169668932	-0.94894871	-1.118617642
Snx22	0.146260825	-0.974542864	-1.120803689
Snd1	0.067157543	-1.054113641	-1.121271184
Alk	-0.013114679	-1.134511631	-1.121396952
Anapc2	0.116279708	-1.0054953	-1.121775008
Abhd4	-0.122838981	-1.247754559	-1.124915578
Psme1	-0.141937196	-1.267902942	-1.125965746
Eif2s1	0.000484837	-1.128965574	-1.129450411
Tuba1a	-0.111199046	-1.240787366	-1.12958832
Coq3	0.113504629	-1.016733902	-1.130238531
Snap47	0.131343812	-1.000493454	-1.131837266
Plin3	0.172233752	-0.961475984	-1.133709736
Actl6a	0.372181942	-0.763327468	-1.13550941
Psmg1	0.1415612	-0.994077281	-1.135638481
Idh3b	0.115822995	-1.021621984	-1.137444979
Ganab	0.081170728	-1.056478956	-1.137649684
Supt5	0.263913733	-0.873765038	-1.137678771
Parl	0.450597945	-0.687245257	-1.137843202
Snrnp70	0.364342943	-0.774782476	-1.139125419
Stk33	0.278544269	-0.860650126	-1.139194395
Grm8	0.065424613	-1.074350336	-1.139774949
Uba1	-0.080318382	-1.220382841	-1.140064459
Psma7	-0.03746404	-1.177709316	-1.140245276
Tspan6	-0.01066987	-1.151093441	-1.140423571
Mpi	0.336996377	-0.805935509	-1.142931886
Ptgr1	-0.295114223	-1.438763285	-1.143649062
Pcdh9	-0.128988302	-1.272945244	-1.143956942
Psmc4	0.066302348	-1.078060189	-1.144362537
Gm3558	-0.151548627	-1.29940287	-1.147854243
Agpat4	0.951102228	-0.19699206	-1.148094288
Cdk1	-0.135039742	-1.283731092	-1.14869135
Atpif1	-0.022223129	-1.174498264	-1.152275135
Qtrt1	0.881525328	-0.271214022	-1.15273935
Atp1a1	0.06929003	-1.086089847	-1.155379877
Psmc2	-0.112177965	-1.26771098	-1.155533015
Lancl1	0.114440462	-1.041957077	-1.156397539
Gm2897	-0.09191169	-1.248552823	-1.156641133
Nudt22	0.696973679	-0.460369664	-1.157343343
Cap1	-0.24472581	-1.403415515	-1.158689705
Nono	-0.079920997	-1.239858513	-1.159937516
Smu1	0.141166863	-1.019453135	-1.160619998
Idh2	0.097018933	-1.06564799	-1.162666923
Cnn3	-0.091190414	-1.254159547	-1.162969133
Anxa2	-0.051597175	-1.215431565	-1.16383439
Tmbim4	0.060677625	-1.104508484	-1.165186109
Dlst	0.203041492	-0.962281286	-1.165322778
Ddb1	-0.026240211	-1.19253441	-1.166294199
Tmed3	0.120813609	-1.046677181	-1.16749079
Cndp2	-0.028667464	-1.196728144	-1.16806068
Smpd2	0.693836406	-0.477698977	-1.171535383
Fam50a	-0.091995268	-1.263722614	-1.171727346
Eif2b3	0.31890622	-0.858040566	-1.176946786
Bsg	-0.020638518	-1.197669507	-1.177030989
Raly	0.079260171	-1.097823254	-1.177083425
Mrpl21	0.207272556	-0.971232158	-1.178504714
Rhoa	-0.085374119	-1.268754856	-1.183380737
Ngfrap1	0.084153441	-1.099522062	-1.183675503
Pkm	0.044080557	-1.142189805	-1.186270362
Mipep	0.160025751	-1.026982473	-1.187008224
Apobec3	0.339184271	-0.848363757	-1.187548028
Pacs1	0.033978864	-1.153802854	-1.187781718
Gm19782	0.013818359	-1.176997603	-1.190815962
Eif3m	-0.031295933	-1.226951483	-1.19565555
Eftud2	0.088008612	-1.108713655	-1.196722267
Ppic	0.057398243	-1.14050255	-1.197900793
LOC100861615	-0.116759996	-1.314845659	-1.198085663
Gm3500	-0.130946762	-1.331810814	-1.200864052
Cfl1	-0.217850477	-1.4241231	-1.206272623
Pnkp	0.739490422	-0.466797697	-1.206288119
Hacd2	-0.025041629	-1.231598253	-1.206556624
Drg2	0.196342119	-1.01154195	-1.207884069
Ddx19a	0.177001057	-1.031413502	-1.208414559
Suclg1	0.001622246	-1.208421142	-1.210043388
4930503E24Rik	-0.09288602	-1.305293167	-1.212407147
Slc50a1	0.418022923	-0.795086379	-1.213109302
Prpf19	0.056105712	-1.157885935	-1.213991647
Tuba1b	-0.145896852	-1.362797795	-1.216900943
Tuba1c	-0.136364758	-1.354072866	-1.217708108
H3f3a	-0.437228255	-1.657567782	-1.220339527
Gm6682	-0.125978685	-1.347540625	-1.22156194
Itga9	0.518771139	-0.703759428	-1.222530567
Sec61a1	0.130984324	-1.092919222	-1.223903546
Vim	0.053258671	-1.171963623	-1.225222294
Ociad1	0.192281297	-1.034037626	-1.226318923
Atp5a1	0.009442121	-1.217724597	-1.227166718
Cdc20	0.126357715	-1.101158552	-1.227516267
Ctsd	-0.070314604	-1.298074352	-1.227759748
Tubb4b	-0.155478855	-1.383409774	-1.227930919
Elac2	0.400012654	-0.830057712	-1.230070366
Gaa	0.297747474	-0.932755232	-1.230502706
Lgmn	0.060644135	-1.169977463	-1.230621598
Abcb4	-0.136036338	-1.367263891	-1.231227553
Ddrgk1	0.353611094	-0.878865898	-1.232476992
Eif3l	-0.153185395	-1.389607148	-1.236421753
Ndn	-0.161787879	-1.398377285	-1.236589406
Eif3g	0.118477226	-1.119430775	-1.237908001
Pld3	0.255958868	-0.98343286	-1.239391728
Nup43	0.190083749	-1.050727768	-1.240811517
Shisa5	-0.008265273	-1.253724386	-1.245459113
Zfp804b	-0.12610358	-1.372919775	-1.246816195
Thoc5	0.136421794	-1.110795188	-1.247216982
Kdelr2	-0.035478914	-1.2832563	-1.247777386
Mrpl35	0.065639746	-1.182733701	-1.248373447
Got2	-0.180469305	-1.43071027	-1.250240965
Bub3	0.035831985	-1.217831445	-1.25366343
Ppa1	0.066801777	-1.187469767	-1.254271544
Gm12657	-0.436359272	-1.690713604	-1.254354332
Kcnq5	-0.001231014	-1.259246447	-1.258015433
Gm12669	0.011686172	-1.249002411	-1.260688583
Serpina3g	0.328853389	-0.9326689	-1.261522289
Nsfl1c	0.122065435	-1.141783265	-1.2638487
Eif2b4	0.430495408	-0.835657519	-1.266152927
Gpr108	0.390421007	-0.875793004	-1.266214011
Fh1	-0.126148732	-1.394900755	-1.268752023
Lrrc59	0.272593291	-0.997388563	-1.269981854
Cct7	-0.009929955	-1.282154563	-1.272224608
Coq6	0.422500494	-0.850779969	-1.273280463
Psmc3	-0.04334475	-1.320589272	-1.277244522
Xab2	0.582940953	-0.697498279	-1.280439232
Glrx3	0.01272936	-1.269806858	-1.282536218
Farsa	0.590564043	-0.694853891	-1.285417934
Hnrnpl	0.240635307	-1.047339639	-1.287974946
Stt3a	0.014779799	-1.275028657	-1.289808456
Hgs	0.418938249	-0.873172683	-1.292110932
Fads2	0.186625228	-1.106560735	-1.293185963
Ebp	0.25276731	-1.045521227	-1.298288537
Man2b2	0.229938008	-1.068884027	-1.298822035
Mgat4d	-0.247557051	-1.550693562	-1.303136511
Decr1	0.047168619	-1.256797905	-1.303966524
Acss2	0.193329894	-1.113156279	-1.306486173
Ruvbl1	-0.038889085	-1.345378718	-1.306489633
Nprl2	0.638222986	-0.671662108	-1.309885094
Rpn2	0.055214023	-1.254884918	-1.310098941
Atp5b	0.089643976	-1.22062992	-1.310273896
Pcolce	-0.030580761	-1.343923997	-1.313343236
P4hb	0.274069906	-1.039394075	-1.313463981
Haus7	0.036618831	-1.27720304	-1.313821871
Ap1m1	0.058962794	-1.256537439	-1.315500233
Mcm7	0.217596537	-1.102133858	-1.319730395
Hsp90ab1	-0.132381043	-1.453184323	-1.32080328
4921515E04Rik	0.162646866	-1.158864303	-1.321511169
Ctsb	-0.059693497	-1.387188742	-1.327495245
Puf60	0.271864049	-1.055764787	-1.327628836
Ccdc114	0.297774755	-1.030694939	-1.328469694
Zfp708	-0.107810851	-1.436822155	-1.329011304
Rnf25	1.184344846	-0.148276676	-1.332621522
Aldh9a1	0.14042483	-1.202126355	-1.342551185
Aaas	0.179480163	-1.163424881	-1.342905044
Eif3d	0.313461437	-1.032855574	-1.346317011
Psmb6	-0.025905294	-1.373800165	-1.347894871
Gnptg	0.267304558	-1.084667581	-1.351972139
Slc25a5	-0.064181315	-1.417848453	-1.353667138
Ostn	-0.007670688	-1.362702171	-1.355031483
Gm13498	-0.090975249	-1.449152819	-1.35817757
Nqo1	-0.261887546	-1.622741286	-1.36085374
Rpa1	0.031264815	-1.329840091	-1.361104906
Atp8b1	0.347842363	-1.018024037	-1.3658664
Ddost	0.134105984	-1.236056842	-1.370162826
Psmc5	0.00046427	-1.372567807	-1.373032077
Csnk2b	-0.072485794	-1.447730674	-1.37524488
Rabac1	0.081458216	-1.294156063	-1.375614279
Plrg1	0.232840866	-1.155595062	-1.388435928
Uqcrc2	-0.096393521	-1.48638923	-1.389995709
Maged1	0.208115257	-1.183570425	-1.391685682
Clptm1	0.296318591	-1.101928947	-1.398247538
Ergic3	0.054421611	-1.343997005	-1.398418616
Tubb5	0.017401993	-1.381120726	-1.398522719
Aldh2	0.011785145	-1.38719087	-1.398976015
Hspa8	0.028252912	-1.370746807	-1.398999719
Cdc37	-0.014396484	-1.424073923	-1.409677439
Aldoart1	-0.062418118	-1.479680041	-1.417261923
Sqrdl	-0.120542385	-1.542167128	-1.421624743
Gga2	0.251935728	-1.185148401	-1.437084129
Pgm2	0.028752614	-1.408910512	-1.437663126
Psma4	-0.028204587	-1.466021605	-1.437817018
Bcap31	-0.152210802	-1.591169042	-1.43895824
Ldhb	0.005067129	-1.446582674	-1.451649803
Psma6	0.085681733	-1.368371972	-1.454053705
1700016L04Rik	0.024985237	-1.430335835	-1.455321072
Gm1821	0.236390646	-1.237818024	-1.47420867
Ubb	0.242757667	-1.238506992	-1.481264659
Fbl	-0.112500367	-1.595330504	-1.482830137
Ssrp1	-0.034902317	-1.518096684	-1.483194367
Rpn1	0.478994233	-1.034471403	-1.513465636
Arhgef3	0.08440085	-1.429408602	-1.513809452
Eno1b	-0.083405992	-1.605447284	-1.522041292
G630055G22Rik	-0.087226319	-1.611981097	-1.524754778
Eno1	-0.097496413	-1.630496724	-1.533000311
Aco2	0.255004201	-1.281350725	-1.536354926
Lap3	-0.098265371	-1.654574211	-1.55630884
Sdha	-0.024191117	-1.607548352	-1.583357235
Gfpt2	0.146608131	-1.442738262	-1.589346393
Vdac3	0.047988608	-1.541987593	-1.589976201
Os9	0.30103356	-1.293824417	-1.594857977
Ccdc3	0.084122737	-1.513145888	-1.597268625
Tecr	-0.017848259	-1.616457716	-1.598609457
Smarcb1	0.397286948	-1.209529975	-1.606816923
Fkbp4	-0.157937638	-1.790046265	-1.632108627
Tkt	0.164830015	-1.484593262	-1.649423277
Aldoart2	-0.003464988	-1.65360791	-1.650142922
Nrbp1	0.348463578	-1.310466541	-1.658930119
Acsf2	-0.009834941	-1.70149987	-1.691664929
